[
  {
    "id": 0,
    "flightName": "Kingfisher Goa-Delhi",
    "from": "Goa",
    "to": "Delhi",
    "departureTime": "02:30pm",
    "arrivalTime": "03:30pm",
    "date": "03/20/2018",
    "flightRate": "1500"
  },
  {
    "id": 1,
    "flightName": "Kingfisher Delhi-Goa",
    "from": "Delhi",
    "to": "Goa",
    "departureTime": "02:30pm",
    "arrivalTime": "03:30pm",
    "date": "03/21/2018",
    "flightRate": "1500"
  },
  {
    "id": 2,
    "flightName": "Spice Jet Delhi-Thailand",
    "from": "Delhi",
    "to": "Thailand",
    "departureTime": "02:05pm",
    "arrivalTime": "03:50am",
    "date": "17/03/2018",
    "flightRate": "12696"
  },
  {
    "id": 3,
    "flightName": "Malindo Delhi-Dubai",
    "from": "Delhi",
    "to": "Dubai",
    "departureTime": "12:55pm",
    "arrivalTime": "08:15am",
    "date": "17/03/2018",
    "flightRate": "24135"
  },
  {
    "id": 4,
    "flightName": "Malaysia Airlines Delhi-Bangkok",
    "from": "Delhi",
    "to": "",
    "departureTime": "11:40pm",
    "arrivalTime": "10:15am",
    "date": "17/03/2018",
    "flightRate": "33909"
  },
  {
    "id": 5,
    "flightName": "Indigo Delhi-Hyderabad",
    "from": "Delhi",
    "to": "Hyderabad",
    "departureTime": "05:10am",
    "arrivalTime": "07:15am",
    "date": "29/03/2018",
    "flightRate": "2823"
  },
  {
    "id": 6,
    "flightName": "Vistara Delhi-Chennai",
    "from": "Delhi",
    "to": "Chennai",
    "departureTime": "03:15am",
    "arrivalTime": "05:00am",
    "date": "27/07/2018",
    "flightRate": "2948"
  },
  {
    "id": 7,
    "flightName": "Air India Goa-Delhi",
    "from": "Goa",
    "to": "Delhi",
    "departureTime": "07:20pm",
    "arrivalTime": "10:50pm",
    "date": "03/21/2018",
    "flightRate": "4938"
  },
  {
    "id": 8,
    "flightName": "Go Air Goa-Mumbai",
    "from": "Goa",
    "to": "Mumbai",
    "departureTime": "12:00pm",
    "arrivalTime": "02:00pm",
    "date": "25/04/2018",
    "flightRate": "8049"
  },
  {
    "id": 9,
    "flightName": "Kingfisher Delhi-Goa",
    "from": "Delhi",
    "to": "Goa",
    "departureTime": "12:30pm",
    "arrivalTime": "3:30am",
    "date": "03/20/2018",
    "flightRate": "1820"
  },
  {
    "id": 10,
    "flightName": "Indigo Chennai-Mumbai",
    "from": "Chennai",
    "to": "Mumbai",
    "departureTime": "04:20am",
    "arrivalTime": "07:50am",
    "date": "12/05/2018",
    "flightRate": "2049"
  },
  {
    "id": 11,
    "flightName": "Kingfisher Delhi-Goa",
    "from": "Delhi",
    "to": "Goa",
    "departureTime": "02:30pm",
    "arrivalTime": "03:00pm",
    "date": "03/20/2018",
    "flightRate": "1700"
  },
  {
    "id": 12,
    "flightName": "Spice Jet Delhi-Thailand",
    "from": "Delhi",
    "to": "Thailand",
    "departureTime": "02:15pm",
    "arrivalTime": "04:00am",
    "date": "17/03/2018",
    "flightRate": "12096"
  },
  {
    "id": 13,
    "flightName": "Malindo Delhi-Dubai",
    "from": "Delhi",
    "to": "Dubai",
    "departureTime": "11:55am",
    "arrivalTime": "05:15am",
    "date": "17/03/2018",
    "flightRate": "24035"
  },
  {
    "id": 14,
    "flightName": "Malaysia Airlines Delhi-Bangkok",
    "from": "Delhi",
    "to": "",
    "departureTime": "12:40am",
    "arrivalTime": "09:15pm",
    "date": "17/03/2018",
    "flightRate": "30909"
  },
  {
    "id": 15,
    "flightName": "Indigo Delhi-Hyderabad",
    "from": "Delhi",
    "to": "Hyderabad",
    "departureTime": "05:30am",
    "arrivalTime": "07:45am",
    "date": "29/03/2018",
    "flightRate": "3823"
  },
  {
    "id": 16,
    "flightName": "Vistara Delhi-Chennai",
    "from": "Delhi",
    "to": "Chennai",
    "departureTime": "03:10pm",
    "arrivalTime": "05:30pm",
    "date": "27/07/2018",
    "flightRate": "3948"
  },
  {
    "id": 17,
    "flightName": "Air India Goa-Delhi",
    "from": "",
    "to": "",
    "departureTime": "07:30pm",
    "arrivalTime": "09:50pm",
    "date": "12/08/2018",
    "flightRate": "7938"
  },
  {
    "id": 18,
    "flightName": "Go Air Goa-Mumbai",
    "from": "",
    "to": "Mumbai",
    "departureTime": "12:00am",
    "arrivalTime": "02:00am",
    "date": "20/04/2018",
    "flightRate": "4049"
  },
  {
    "id": 19,
    "flightName": "Kingfisher Delhi-Goa",
    "from": "Delhi",
    "to": "Goa",
    "departureTime": "12:30am",
    "arrivalTime": "3:30am",
    "date": "03/20/2018",
    "flightRate": "2920"
  },
  {
    "id": 20,
    "flightName": "Indigo Chennai-Mumbai",
    "from": "Chennai",
    "to": "Mumbai",
    "departureTime": "04:20pm",
    "arrivalTime": "07:50pm",
    "date": "12/05/2018",
    "flightRate": "5049"
  },
  {
    "id": 21,
    "flightName": "Kingfisher Delhi-Goa",
    "from": "Delhi",
    "to": "Goa",
    "departureTime": "04:30am",
    "arrivalTime": "06:30am",
    "date": "03/25/2018",
    "flightRate": "3500"
  },
  {
    "id": 22,
    "flightName": "Spice Jet Delhi-Thailand",
    "from": "Delhi",
    "to": "Thailand",
    "departureTime": "02:05am",
    "arrivalTime": "03:50pm",
    "date": "17/03/2018",
    "flightRate": "12896"
  },
  {
    "id": 23,
    "flightName": "Malindo Delhi-Dubai",
    "from": "Delhi",
    "to": "Dubai",
    "departureTime": "01:55pm",
    "arrivalTime": "07:15am",
    "date": "17/03/2018",
    "flightRate": "25135"
  },
  {
    "id": 24,
    "flightName": "Malaysia Airlines Delhi-Bangkok",
    "from": "Delhi",
    "to": "",
    "departureTime": "11:40am",
    "arrivalTime": "10:15pm",
    "date": "17/03/2018",
    "flightRate": "30000"
  },
  {
    "id": 25,
    "flightName": "Indigo Delhi-Hyderabad",
    "from": "Delhi",
    "to": "Hyderabad",
    "departureTime": "06:10am",
    "arrivalTime": "08:15am",
    "date": "29/03/2018",
    "flightRate": "7823"
  },
  {
    "id": 26,
    "flightName": "Vistara Delhi-Chennai",
    "from": "Delhi",
    "to": "Chennai",
    "departureTime": "05:15am",
    "arrivalTime": "09:00am",
    "date": "27/07/2018",
    "flightRate": "2548"
  },
  {
    "id": 27,
    "flightName": "Air India Goa-Delhi",
    "from": "Goa",
    "to": "Delhi",
    "departureTime": "02:201m",
    "arrivalTime": "07:501m",
    "date": "12/08/2018",
    "flightRate": "3900"
  },
  {
    "id": 28,
    "flightName": "Go Air Goa-Mumbai",
    "from": "Goa",
    "to": "Mumbai",
    "departureTime": "11:00pm",
    "arrivalTime": "03:00pm",
    "date": "20/04/2018",
    "flightRate": "5049"
  },
  {
    "id": 29,
    "flightName": "Kingfisher Delhi-Goa",
    "from": "Delhi",
    "to": "Goa",
    "departureTime": "01:30pm",
    "arrivalTime": "5:30am",
    "date": "03/25/2018",
    "flightRate": "2820"
  },
  {
    "id": 30,
    "flightName": "Indigo Chennai-Mumbai",
    "from": "Chennai",
    "to": "Mumbai",
    "departureTime": "06:20am",
    "arrivalTime": "09:50am",
    "date": "08/30/2018",
    "flightRate": "3449"
  }
]

